-- Seed: organizer users + organizer profiles + 30 trips

INSERT INTO users (id, email, password_hash, full_name, role) VALUES
  ('00000001-0000-0000-0000-000000000001', 'northtrek@safesummit.co.th',    '-', 'เหนือสุดเทรค',   'organizer'),
  ('00000001-0000-0000-0000-000000000002', 'lannaguide@safesummit.co.th',   '-', 'ไกด์ล้านนา',     'organizer'),
  ('00000001-0000-0000-0000-000000000003', 'southtrack@safesummit.co.th',   '-', 'ใต้สุดแทร็ก',    'organizer'),
  ('00000001-0000-0000-0000-000000000004', 'midtrail@safesummit.co.th',     '-', 'กลางเทรล',       'organizer'),
  ('00000001-0000-0000-0000-000000000005', 'westtrail@safesummit.co.th',    '-', 'เวสต์เทรล',      'organizer'),
  ('00000001-0000-0000-0000-000000000006', 'isantrail@safesummit.co.th',    '-', 'อีสานเทรล',      'organizer'),
  ('00000001-0000-0000-0000-000000000007', 'easterntrail@safesummit.co.th', '-', 'อีสเทิร์นเทรล', 'organizer')
ON CONFLICT (email) DO NOTHING;

INSERT INTO organizers (id, user_id, org_name, province, badge_tier, status) VALUES
  ('00000002-0000-0000-0000-000000000001', '00000001-0000-0000-0000-000000000001', 'เหนือสุดเทรค',   'เชียงใหม่',     'pro',   'approved'),
  ('00000002-0000-0000-0000-000000000002', '00000001-0000-0000-0000-000000000002', 'ไกด์ล้านนา',     'เชียงใหม่',     'pro',   'approved'),
  ('00000002-0000-0000-0000-000000000003', '00000001-0000-0000-0000-000000000003', 'ใต้สุดแทร็ก',    'สุราษฎร์ธานี', 'basic', 'approved'),
  ('00000002-0000-0000-0000-000000000004', '00000001-0000-0000-0000-000000000004', 'กลางเทรล',       'นครราชสีมา',   'basic', 'approved'),
  ('00000002-0000-0000-0000-000000000005', '00000001-0000-0000-0000-000000000005', 'เวสต์เทรล',      'กาญจนบุรี',    'basic', 'approved'),
  ('00000002-0000-0000-0000-000000000006', '00000001-0000-0000-0000-000000000006', 'อีสานเทรล',      'เลย',           'basic', 'approved'),
  ('00000002-0000-0000-0000-000000000007', '00000001-0000-0000-0000-000000000007', 'อีสเทิร์นเทรล', 'ระยอง',         'basic', 'approved')
ON CONFLICT (user_id) DO NOTHING;

INSERT INTO trips (id, organizer_id, name_th, name_en, region, province, start_date, duration_days, price_per_person, capacity, booked_count, status, badge_tier, difficulty, rating_avg, rating_count) VALUES
  ('00000003-0000-0000-0000-000000000001','00000002-0000-0000-0000-000000000001','ภูกระดึง 3 วัน 2 คืน',          'Phu Kradueng 3D2N',             'northeast','เลย',              '2026-07-12',3,2900, 15,11,'open',     'pro',  'medium',4.9,120),
  ('00000003-0000-0000-0000-000000000002','00000002-0000-0000-0000-000000000002','ดอยหลวงเชียงดาว 2 วัน 1 คืน',   'Doi Luang Chiang Dao 2D1N',     'north',    'เชียงใหม่',       '2026-07-05',2,3500, 10,10,'full',     'pro',  'hard',  4.8, 98),
  ('00000003-0000-0000-0000-000000000003','00000002-0000-0000-0000-000000000003','เขาช่อง น้ำตกกะเปาะ',           'Khao Chong Waterfall',          'south',    'ตรัง',            '2026-06-18',2, 890, 20,14,'ongoing',  'basic','easy',  4.7, 85),
  ('00000003-0000-0000-0000-000000000004','00000002-0000-0000-0000-000000000001','ภูชี้ฟ้า ทะเลหมอก',             'Phu Chi Fa Sea of Mist',        'north',    'เชียงราย',        '2026-05-30',2,1800, 18,18,'completed','pro',  'medium',4.9,145),
  ('00000003-0000-0000-0000-000000000005','00000002-0000-0000-0000-000000000004','เขาใหญ่ ผากล้วยไม้',            'Khao Yai Pha Kluai Mai',        'northeast','นครราชสีมา',      '2026-06-02',2,1500, 12, 4,'cancelled','basic','easy',  4.5, 32),
  ('00000003-0000-0000-0000-000000000006','00000002-0000-0000-0000-000000000002','ดอยอินทนนท์ กิ่วแม่ปาน',        'Doi Inthanon Kew Mae Pan',      'north',    'เชียงใหม่',       '2026-08-09',2,2200, 16, 6,'open',     'pro',  'medium',4.8,110),
  ('00000003-0000-0000-0000-000000000007','00000002-0000-0000-0000-000000000001','ภูสอยดาว 2 วัน 1 คืน',          'Phu Soi Dao 2D1N',              'north',    'อุตรดิตถ์',       '2026-07-19',2,2600, 14, 5,'open',     'pro',  'hard',  4.8, 78),
  ('00000003-0000-0000-0000-000000000008','00000002-0000-0000-0000-000000000002','ดอยผ้าห่มปก ป่าสนสวรรค์',       'Doi Pha Hom Pok Pine Forest',   'north',    'เชียงใหม่',       '2026-08-23',2,3200, 12, 3,'open',     'pro',  'hard',  4.7, 62),
  ('00000003-0000-0000-0000-000000000009','00000002-0000-0000-0000-000000000004','ภูทับเบิก ทะเลหมอกยอดดอย',      'Phu Thap Boek Misty Summit',    'north',    'เพชรบูรณ์',       '2026-07-26',2,1900, 20,12,'open',     'basic','medium',4.6, 95),
  ('00000003-0000-0000-0000-000000000010','00000002-0000-0000-0000-000000000005','เขาช้างเผือก เส้นทางป่า',        'Khao Chang Phueak Forest Trail','west',     'กาญจนบุรี',       '2026-08-02',2,1600, 15, 7,'open',     'basic','easy',  4.5, 44),
  ('00000003-0000-0000-0000-000000000011','00000002-0000-0000-0000-000000000004','เขาหลวง รามาวดี สุโขทัย',       'Khao Luang Sukhothai',          'north',    'สุโขทัย',         '2026-09-06',2,2100, 18, 4,'open',     'basic','medium',4.4, 38),
  ('00000003-0000-0000-0000-000000000012','00000002-0000-0000-0000-000000000003','เขาสก ล่องแก่ง เซาเทิร์น',      'Khao Sok Jungle Trek',          'south',    'สุราษฎร์ธานี',   '2026-08-16',3,2800, 16, 8,'open',     'pro',  'medium',4.7, 89),
  ('00000003-0000-0000-0000-000000000013','00000002-0000-0000-0000-000000000002','ดอยแม่ยะ ป่าซากุระไทย',         'Doi Mae Ya Sakura Forest',      'north',    'เชียงใหม่',       '2026-09-13',2,2700, 14, 6,'open',     'pro',  'medium',4.8,102),
  ('00000003-0000-0000-0000-000000000014','00000002-0000-0000-0000-000000000001','ภูหินร่องกล้า ดงมะเขือ',        'Phu Hin Rong Kla Tomato Fields','north',    'เพชรบูรณ์',       '2026-09-20',2,2400, 18, 7,'open',     'basic','medium',4.6, 71),
  ('00000003-0000-0000-0000-000000000015','00000002-0000-0000-0000-000000000002','ดอยนางแอ่น พระอาทิตย์ขึ้น',     'Doi Nang Aen Sunrise',          'north',    'เชียงราย',        '2026-10-04',2,1950, 12, 4,'open',     'basic','easy',  4.5, 55),
  ('00000003-0000-0000-0000-000000000016','00000002-0000-0000-0000-000000000001','ภูกามยาว น่านวิลเดอร์เนส',      'Phu Kam Yao Nan Wilderness',    'north',    'น่าน',            '2026-10-11',3,3100, 10, 3,'open',     'pro',  'hard',  4.7, 48),
  ('00000003-0000-0000-0000-000000000017','00000002-0000-0000-0000-000000000006','ภูเรือ แคมป์ปิ้งดาว',           'Phu Ruea Starcamp',             'northeast','เลย',              '2026-08-30',2,2200, 16, 9,'open',     'basic','easy',  4.6, 67),
  ('00000003-0000-0000-0000-000000000018','00000002-0000-0000-0000-000000000001','ลังกาหลวง-ลังกาน้อย น่าน',      'Langka Luang Langka Noi Nan',   'north',    'น่าน',            '2026-09-27',3,3000, 15, 5,'open',     'pro',  'hard',  4.8, 59),
  ('00000003-0000-0000-0000-000000000019','00000002-0000-0000-0000-000000000006','ภูลมโล ทุ่งดอกไม้ป่า',          'Phu Lom Lo Wildflower Meadow',  'northeast','เลย',              '2026-10-18',2,1800, 20,11,'open',     'basic','easy',  4.5, 76),
  ('00000003-0000-0000-0000-000000000020','00000002-0000-0000-0000-000000000004','สันหนอกวัว เขาใหญ่',            'San Nok Wua Khao Yai',          'northeast','นครราชสีมา',      '2026-11-01',2,1600, 18, 6,'open',     'basic','easy',  4.4, 41),
  ('00000003-0000-0000-0000-000000000021','00000002-0000-0000-0000-000000000005','ทีลอซู น้ำตกขั้นบันได',         'Ti Lo Su Tiered Waterfall',     'west',     'ตาก',             '2026-09-05',2,2500, 12, 5,'open',     'pro',  'medium',4.7, 83),
  ('00000003-0000-0000-0000-000000000022','00000002-0000-0000-0000-000000000005','เขาสามร้อยยอด ชายฝั่ง',         'Khao Sam Roi Yot Coastal',      'west',     'ประจวบคีรีขันธ์', '2026-09-19',2,1400, 20, 8,'open',     'basic','easy',  4.5, 63),
  ('00000003-0000-0000-0000-000000000023','00000002-0000-0000-0000-000000000005','เขาหลวงประจวบ ยอดสูงใต้',       'Khao Luang Prachuap Summit',    'west',     'ประจวบคีรีขันธ์', '2026-10-03',2,2000, 16,10,'open',     'basic','medium',4.6, 57),
  ('00000003-0000-0000-0000-000000000024','00000002-0000-0000-0000-000000000007','เขาชะเมา ระยอง ซีไซด์',        'Khao Chamao Rayong Seaside',    'east',     'ระยอง',           '2026-09-12',2,1200, 20, 7,'open',     'basic','easy',  4.4, 39),
  ('00000003-0000-0000-0000-000000000025','00000002-0000-0000-0000-000000000007','เขาคิชฌกูฏ เพชรพระอุมา',        'Khao Kitchakut Forest',         'east',     'จันทบุรี',        '2026-09-26',2,1700, 15, 6,'open',     'basic','medium',4.5, 46),
  ('00000003-0000-0000-0000-000000000026','00000002-0000-0000-0000-000000000007','เขาสอยดาว ป่าลึก',              'Khao Soi Dao Deep Forest',      'east',     'จันทบุรี',        '2026-10-10',2,2300, 12, 4,'open',     'pro',  'hard',  4.7, 53),
  ('00000003-0000-0000-0000-000000000027','00000002-0000-0000-0000-000000000003','เขาหลวง นครศรีฯ ยอดดอย',       'Khao Luang Nakhon Summit',      'south',    'นครศรีธรรมราช',  '2026-09-06',3,2600, 14, 5,'open',     'pro',  'hard',  4.7, 68),
  ('00000003-0000-0000-0000-000000000028','00000002-0000-0000-0000-000000000003','เขาพนมเบญจา กระบี่',            'Khao Phanom Bencha Krabi',      'south',    'กระบี่',          '2026-10-17',2,2100, 16, 7,'open',     'basic','medium',4.5, 50),
  ('00000003-0000-0000-0000-000000000029','00000002-0000-0000-0000-000000000006','ผาแต้ม อุบลราชธานี',            'Pha Taem Ubon Ratchathani',     'northeast','อุบลราชธานี',     '2026-11-08',2,1900, 18, 6,'open',     'basic','easy',  4.5, 43),
  ('00000003-0000-0000-0000-000000000030','00000002-0000-0000-0000-000000000002','ดอยสุเทพ เส้นทางธรรมชาติ',      'Doi Suthep Nature Trail',       'north',    'เชียงใหม่',       '2026-08-01',1,1500, 20, 9,'open',     'basic','easy',  4.6, 88)
ON CONFLICT (id) DO NOTHING;
